Date,Transaction Description,Debit,Credit,Currency,CardName,Transaction,Location
13-12-2017,JUNOON RESTRO GURGAON,1255.0,0.0,INR,Rahul,Domestic,GURGAON
16-12-2017,POONAM SERVICE STATION GURGAON,0.0,17.0,INR,Rahul,Domestic,GURGAON
16-12-2017,KABI BESPOKE BOUTIQUE GURGAON,220.0,0.0,INR,Rahul,Domestic,GURGAON
16-12-2017,CLEARTRIP TRAVEL SERVIC MUMBAI,14849.0,0.0,INR,Rahul,Domestic,MUMBAI
21-12-2017,INDIAN RAILWAY CATERINGNEW DELHI,1684.0,0.0,INR,Rahul,Domestic,DELHI
22-12-2017,CLEARTRIP TRAVEL SERVIC MUMBAI,5205.0,0.0,INR,Rahul,Domestic,MUMBAI
22-12-2017,MSW*BLISS HOSPITALITIE Delhi NCR,0.0,3764.0,INR,Rahul,Domestic,NCR
23-12-2017,NIMITAYA HOTEL & RESOR GURGAON,3475.0,0.0,INR,Rahul,Domestic,GURGAON
24-12-2017,BIKANERVALA (GURGAON U) GURGAON,278.0,0.0,INR,Rahul,Domestic,GURGAON
01-02-2018,THAI CHI STREET GURGAON,987.0,0.0,INR,Rajat,Domestic,GURGAON
01-02-2018,AMAZON PAY BANGALORE,1875.0,0.0,INR,Rajat,Domestic,BANGALORE
01-04-2018,SHAHEED MANOHAR LAL FIL GURGAON,0.0,18.0,INR,Rajat,Domestic,GURGAON
01-08-2018,BIKANERVALA (GURGAON U) GURGAON,420.0,0.0,INR,Rajat,Domestic,GURGAON
01-09-2018,MOPS-SBC-CR-CARD-E MUMBAI,500000.0,0.0,INR,Rajat,Domestic,MUMBAI
12-12-2017,SHOPPERS STOP LTD GURGAON,0.0,2886.0,INR,Rajat,Domestic,GURGAON
12-12-2017,MORE MEGASTORE GURGAON,1500.0,0.0,INR,Rajat,Domestic,GURGAON
13-12-2017,SHAHEED MANOHAR LAL FIL  GURGAON,1968.0,0.0,INR,Rajat,Domestic,GURGAON
13-12-2017,LIVE PHARMACY GURGAON,627.0,0.0,INR,Rajat,Domestic,GURGAON
01-03-2018,SRILANKANUPGRADE KATUNAYAKE         EUR,10.0,0.0,EUR,Rahul,International,KATUNAYAKE
14-01-2018,HEALTHGUARD LIMITED KATUNAYAKE      USD,0.0,8.0,USD,Rahul,International,KATUNAYAKE
14-01-2018,FOOT RUB BERLIN                     EUR,21.0,0.0,EUR,Rahul,International,BERLIN
20-01-2018,California Games CALIFORNIA         USD,101.0,0.0,USD,Rahul,International,CALIFORNIA
30-01-2018,NewYorkShop NEWYORK                 USD,0.0,199.0,USD,Rahul,International,NEWYORK
02-08-2018,EURO WINGS DUSSELDOR                EUR,10.0,0.0,EUR,Rahul,International,DUSSELDOR
